M,best_val,demo_psnr_global,demo_psnr_solution
2,0.580068,20.82,11.05
4,0.580656,20.83,11.07
8,0.574894,20.72,10.97
16,0.56937,20.71,11.0
32,0.582131,20.84,11.06
64,0.585548,20.84,11.22
128,0.590417,20.88,11.02
256,0.595511,20.69,10.41
