M,best_val,demo_psnr_global,demo_psnr_solution
2,0.604432,20.94,11.03
4,0.596265,20.91,11.07
8,0.593911,20.9,11.05
16,0.57732,20.76,11.05
32,0.576332,20.82,11.12
64,0.576763,20.64,10.93
128,0.597349,20.94,11.28
256,0.591336,20.89,11.1
