sensors,reconstruction_error
3.200000000000000000e+01,9.386353901860379489e-02
