sensors,reconstruction_error
32,9.30425517e-01
64,2.68826840e-15
96,2.94562423e-15
128,2.31671977e-15
192,2.29658234e-15
256,2.14322086e-15
