sensors,reconstruction_error
6.400000000000000000e+01,5.903540134960619939e-02
