sensors,reconstruction_error
4.000000000000000000e+00,2.887019726523073482e-01
