sensors,reconstruction_error
32,9.30425517e-01
64,3.04238941e-15
96,2.88848806e-15
128,2.65796392e-15
192,2.13600843e-15
256,3.02575126e-15
