sensors,reconstruction_error
1.600000000000000000e+01,1.593098235586371259e-01
