sensors,reconstruction_error
2.000000000000000000e+00,2.956270047223268360e-01
