{
  "candidate_counts": [
    16,
    24,
    32,
    48,
    64,
    80,
    96,
    128,
    160,
    192,
    224,
    256
  ],
  "evaluated_counts": [
    16,
    24,
    32,
    48,
    64,
    80,
    96,
    128,
    160,
    192,
    224,
    256
  ],
  "errors": [
    0.24995574687537184,
    0.2168142698341873,
    0.17695342983899803,
    0.06462011950131331,
    0.05235729341182948,
    0.049613460076653904,
    0.04617384697049865,
    0.04332237990606942,
    0.04166485226407637,
    0.04096070571073442,
    0.04078668732955572,
    0.04025047667770503
  ],
  "best_sensor_count": 256
}