sensors,reconstruction_error
32,9.30425517e-01
64,2.76462807e-15
96,3.13635829e-15
128,2.32370510e-15
192,2.34954537e-15
256,2.16963564e-15
