sensors,reconstruction_error
32,9.30425517e-01
64,2.46259062e-15
96,2.44764693e-15
128,2.25661957e-15
192,2.02115042e-15
256,2.04067895e-15
