sensors,reconstruction_error
32,9.30425517e-01
64,2.69136721e-15
96,2.34999197e-15
128,2.63547000e-15
192,2.12977982e-15
256,2.28859118e-15
