sensors,reconstruction_error
8.000000000000000000e+00,2.336504839534730149e-01
