sensors,reconstruction_error
32,9.30425517e-01
64,2.72438395e-15
96,2.51414973e-15
128,2.31087794e-15
192,2.02934506e-15
256,2.87205637e-15
