sensors,reconstruction_error
32,9.30425517e-01
64,2.60874116e-15
96,2.60208975e-15
128,2.53042292e-15
192,2.12261086e-15
256,2.39131374e-15
