sensors,reconstruction_error
5.000000000000000000e+01,6.497805404981260580e-02
