sensors,reconstruction_error
32,1.61815823e-01
64,5.21349656e-02
96,4.70010604e-02
128,4.29944358e-02
192,3.88321110e-02
256,3.71534699e-02
