sensors,reconstruction_error
32,9.30425517e-01
64,4.11040879e-15
96,2.92120364e-15
128,2.47625516e-15
192,4.48880214e-15
256,1.97284605e-15
